<?xml version="1.0" encoding="utf-8"?>
<System>
  <P Name="Location">[8, 8, 1305, 745]</P>
  <P Name="SystemRect">[0.000000, 0.000000, 0.000000, 0.000000]</P>
  <P Name="Open">on</P>
  <P Name="SetExecutionDomain">off</P>
  <P Name="ExecutionDomainType">Deduce</P>
  <P Name="ZoomFactor">50</P>
  <P Name="ReportName">simulink-default.rpt</P>
  <P Name="SIDHighWatermark">162</P>
  <P Name="SimulinkSubDomain">Simulink</P>
  <Block BlockType="Sum" Name="Add1" SID="30">
    <P Name="Ports">[2, 1]</P>
    <P Name="Position">[-180, -33, -150, -2]</P>
    <P Name="ZOrder">1401</P>
    <P Name="BlockMirror">on</P>
    <P Name="NameLocation">top</P>
    <P Name="IconShape">rectangular</P>
  </Block>
  <Block BlockType="Sum" Name="Add2" SID="5">
    <P Name="Ports">[4, 1]</P>
    <P Name="Position">[-320, 131, -280, 194]</P>
    <P Name="ZOrder">1087</P>
    <P Name="IconShape">rectangular</P>
    <P Name="Inputs">+---</P>
  </Block>
  <Block BlockType="Reference" Name="Band-Limited&#xA;White Noise" SID="160">
    <P Name="Ports">[0, 1]</P>
    <P Name="Position">[-1030, 120, -1000, 150]</P>
    <P Name="ZOrder">1584</P>
    <P Name="LibraryVersion">1.488</P>
    <P Name="SourceBlock">simulink/Sources/Band-Limited
White Noise</P>
    <P Name="SourceType">Band-Limited White Noise.</P>
    <P Name="SourceProductBaseCode">SL</P>
    <InstanceData>
      <P Name="RTWMemSecFuncInitTerm">Inherit from model</P>
      <P Name="RTWMemSecFuncExecute">Inherit from model</P>
      <P Name="RTWMemSecDataConstants">Inherit from model</P>
      <P Name="RTWMemSecDataInternal">Inherit from model</P>
      <P Name="RTWMemSecDataParameters">Inherit from model</P>
      <P Name="ContentPreviewEnabled">on</P>
      <P Name="Cov">[0.0000000003]</P>
      <P Name="Ts">0.0001</P>
      <P Name="seed">[23341]</P>
      <P Name="VectorParams1D">on</P>
    </InstanceData>
  </Block>
  <Block BlockType="Constant" Name="C_magnetic" SID="23">
    <P Name="Position">[-625, 15, -595, 45]</P>
    <P Name="ZOrder">1394</P>
    <P Name="BlockRotation">270</P>
    <P Name="BlockMirror">on</P>
    <P Name="NameLocation">left</P>
    <P Name="Value">C_magnetic</P>
  </Block>
  <Block BlockType="Constant" Name="Constant1" SID="28">
    <P Name="Position">[-70, -90, -40, -60]</P>
    <P Name="ZOrder">1399</P>
    <P Name="BlockRotation">270</P>
    <P Name="BlockMirror">on</P>
    <P Name="NameLocation">left</P>
    <P Name="Value">gap</P>
  </Block>
  <Block BlockType="Gain" Name="Gain2" SID="91">
    <P Name="Position">[-930, 30, -900, 60]</P>
    <P Name="ZOrder">1504</P>
  </Block>
  <Block BlockType="Gain" Name="Gain5" SID="3">
    <P Name="Position">[-195, 250, -165, 280]</P>
    <P Name="ZOrder">1085</P>
    <P Name="BlockMirror">on</P>
    <P Name="NameLocation">top</P>
    <P Name="Gain">k</P>
  </Block>
  <Block BlockType="Gain" Name="Gain6" SID="4">
    <P Name="Position">[-195, 205, -165, 235]</P>
    <P Name="ZOrder">1086</P>
    <P Name="BlockMirror">on</P>
    <P Name="NameLocation">top</P>
    <P Name="Gain">c</P>
  </Block>
  <Block BlockType="Gain" Name="Gain7" SID="9">
    <P Name="Position">[-255, 130, -225, 160]</P>
    <P Name="ZOrder">1091</P>
    <P Name="Gain">1/mass</P>
    <Port>
      <P Name="PortNumber">1</P>
      <P Name="Name">ddx</P>
    </Port>
  </Block>
  <Block BlockType="Constant" Name="Ib" SID="84">
    <P Name="Position">[-1000, 27, -970, 63]</P>
    <P Name="ZOrder">1498</P>
    <P Name="Value">50*10^-3</P>
  </Block>
  <Block BlockType="Integrator" Name="Integrator" SID="1">
    <P Name="Ports">[1, 1]</P>
    <P Name="Position">[-130, 130, -100, 160]</P>
    <P Name="ZOrder">1083</P>
    <Port>
      <P Name="PortNumber">1</P>
      <P Name="Name">dx</P>
    </Port>
  </Block>
  <Block BlockType="Integrator" Name="Integrator1" SID="2">
    <P Name="Ports">[1, 1]</P>
    <P Name="Position">[30, 130, 60, 160]</P>
    <P Name="ZOrder">1084</P>
    <P Name="InitialCondition">50*10^-6</P>
    <Port>
      <P Name="PortNumber">1</P>
      <P Name="Name">x</P>
    </Port>
  </Block>
  <Block BlockType="M-S-Function" Name="Level-2 MATLAB&#xA;S-Function" SID="159">
    <P Name="Ports">[2, 1]</P>
    <P Name="Position">[-415, 335, -360, 370]</P>
    <P Name="ZOrder">1583</P>
    <P Name="BlockMirror">on</P>
    <P Name="NameLocation">top</P>
    <P Name="FunctionName">calc</P>
    <Port>
      <P Name="PortNumber">1</P>
      <P Name="Name">b</P>
    </Port>
  </Block>
  <Block BlockType="Product" Name="Product" SID="21">
    <P Name="Ports">[3, 1]</P>
    <P Name="Position">[-470, 69, -440, 101]</P>
    <P Name="ZOrder">1392</P>
    <P Name="Inputs">/**</P>
    <Port>
      <P Name="PortNumber">1</P>
      <P Name="Name">F1</P>
    </Port>
  </Block>
  <Block BlockType="Product" Name="Product1" SID="22">
    <P Name="Ports">[3, 1]</P>
    <P Name="Position">[-470, 119, -440, 151]</P>
    <P Name="ZOrder">1393</P>
    <P Name="Inputs">/**</P>
    <Port>
      <P Name="PortNumber">1</P>
      <P Name="Name">F2</P>
    </Port>
  </Block>
  <Block BlockType="Saturate" Name="Saturation" SID="96">
    <P Name="Position">[-790, 70, -775, 100]</P>
    <P Name="ZOrder">1509</P>
    <P Name="UpperLimit">2</P>
    <P Name="LowerLimit">0</P>
  </Block>
  <Block BlockType="Saturate" Name="Saturation1" SID="97">
    <P Name="Position">[-790, 120, -775, 150]</P>
    <P Name="ZOrder">1510</P>
    <P Name="UpperLimit">2</P>
    <P Name="LowerLimit">0</P>
  </Block>
  <Block BlockType="Math" Name="Square" SID="12">
    <P Name="Ports">[1, 1]</P>
    <P Name="Position">[-315, -30, -285, 0]</P>
    <P Name="ZOrder">1345</P>
    <P Name="BlockMirror">on</P>
    <P Name="NameLocation">top</P>
    <P Name="Operator">square</P>
  </Block>
  <Block BlockType="Math" Name="Square1" SID="15">
    <P Name="Ports">[1, 1]</P>
    <P Name="Position">[-690, 70, -660, 100]</P>
    <P Name="ZOrder">1386</P>
    <P Name="Operator">square</P>
  </Block>
  <Block BlockType="Math" Name="Square2" SID="16">
    <P Name="Ports">[1, 1]</P>
    <P Name="Position">[-690, 120, -660, 150]</P>
    <P Name="ZOrder">1387</P>
    <P Name="Operator">square</P>
  </Block>
  <Block BlockType="Math" Name="Square3" SID="32">
    <P Name="Ports">[1, 1]</P>
    <P Name="Position">[-315, 35, -285, 65]</P>
    <P Name="ZOrder">1403</P>
    <P Name="BlockMirror">on</P>
    <P Name="NameLocation">top</P>
    <P Name="Operator">square</P>
  </Block>
  <Block BlockType="Sum" Name="Subtract" SID="31">
    <P Name="Ports">[2, 1]</P>
    <P Name="Position">[-180, 32, -150, 63]</P>
    <P Name="ZOrder">1402</P>
    <P Name="BlockMirror">on</P>
    <P Name="NameLocation">top</P>
    <P Name="IconShape">rectangular</P>
    <P Name="Inputs">+-</P>
  </Block>
  <Block BlockType="Sum" Name="Sum" SID="57">
    <P Name="Ports">[2, 1]</P>
    <P Name="Position">[-920, 125, -900, 145]</P>
    <P Name="ZOrder">690</P>
    <P Name="NameLocation">top</P>
    <P Name="Inputs">|++</P>
    <Port>
      <P Name="PortNumber">1</P>
      <P Name="Name">Ic</P>
    </Port>
  </Block>
  <Block BlockType="Sum" Name="Sum1" SID="85">
    <P Name="Ports">[2, 1]</P>
    <P Name="Position">[-845, 75, -825, 95]</P>
    <P Name="ZOrder">1499</P>
    <P Name="NameLocation">top</P>
    <P Name="Inputs">|++</P>
  </Block>
  <Block BlockType="Sum" Name="Sum2" SID="86">
    <P Name="Ports">[2, 1]</P>
    <P Name="Position">[-845, 125, -825, 145]</P>
    <P Name="ZOrder">1500</P>
    <P Name="Inputs">|+-</P>
  </Block>
  <Line>
    <P Name="ZOrder">293</P>
    <P Name="Src">84#out:1</P>
    <P Name="Dst">91#in:1</P>
  </Line>
  <Line>
    <P Name="ZOrder">291</P>
    <P Name="Src">85#out:1</P>
    <P Name="Dst">96#in:1</P>
  </Line>
  <Line>
    <P Name="ZOrder">292</P>
    <P Name="Src">86#out:1</P>
    <P Name="Dst">97#in:1</P>
  </Line>
  <Line>
    <P Name="Name">Ic</P>
    <P Name="ZOrder">381</P>
    <P Name="Labels">[1, 1]</P>
    <P Name="Src">57#out:1</P>
    <P Name="Points">[23, 0]</P>
    <Branch>
      <P Name="ZOrder">309</P>
      <P Name="Points">[0, -20; 37, 0]</P>
      <P Name="Dst">85#in:2</P>
    </Branch>
    <Branch>
      <P Name="ZOrder">308</P>
      <P Name="Points">[0, 30; 37, 0]</P>
      <P Name="Dst">86#in:2</P>
    </Branch>
  </Line>
  <Line>
    <P Name="ZOrder">310</P>
    <P Name="Src">91#out:1</P>
    <P Name="Points">[35, 0; 0, 40]</P>
    <Branch>
      <P Name="ZOrder">295</P>
      <P Name="Dst">86#in:1</P>
    </Branch>
    <Branch>
      <P Name="ZOrder">294</P>
      <P Name="Dst">85#in:1</P>
    </Branch>
  </Line>
  <Line>
    <P Name="Name">x</P>
    <P Name="ZOrder">304</P>
    <P Name="Labels">[0, 0]</P>
    <P Name="Src">2#out:1</P>
    <P Name="Points">[15, 0]</P>
    <Branch>
      <P Name="ZOrder">622</P>
      <P Name="Points">[0, -90]</P>
      <Branch>
        <P Name="ZOrder">316</P>
        <P Name="Points">[0, -65]</P>
        <P Name="Dst">30#in:2</P>
      </Branch>
      <Branch>
        <P Name="ZOrder">318</P>
        <P Name="Dst">31#in:2</P>
      </Branch>
    </Branch>
    <Branch>
      <P Name="ZOrder">578</P>
      <P Name="Points">[0, 120]</P>
      <Branch>
        <P Name="ZOrder">752</P>
        <P Name="Points">[0, 80]</P>
        <P Name="Dst">159#in:1</P>
      </Branch>
      <Branch>
        <P Name="ZOrder">751</P>
        <P Name="Dst">3#in:1</P>
      </Branch>
    </Branch>
  </Line>
  <Line>
    <P Name="ZOrder">356</P>
    <P Name="Src">97#out:1</P>
    <P Name="Dst">16#in:1</P>
  </Line>
  <Line>
    <P Name="ZOrder">357</P>
    <P Name="Src">96#out:1</P>
    <P Name="Dst">15#in:1</P>
  </Line>
  <Line>
    <P Name="ZOrder">173</P>
    <P Name="Src">16#out:1</P>
    <P Name="Dst">22#in:2</P>
  </Line>
  <Line>
    <P Name="ZOrder">74</P>
    <P Name="Src">28#out:1</P>
    <P Name="Points">[0, 30]</P>
    <Branch>
      <P Name="ZOrder">731</P>
      <P Name="Points">[0, 65]</P>
      <P Name="Dst">31#in:1</P>
    </Branch>
    <Branch>
      <P Name="ZOrder">81</P>
      <P Name="Dst">30#in:1</P>
    </Branch>
  </Line>
  <Line>
    <P Name="ZOrder">177</P>
    <P Name="Src">15#out:1</P>
    <P Name="Dst">21#in:2</P>
  </Line>
  <Line>
    <P Name="ZOrder">783</P>
    <P Name="Src">4#out:1</P>
    <P Name="Points">[-144, 0; 0, -35]</P>
    <P Name="Dst">5#in:4</P>
  </Line>
  <Line>
    <P Name="Name">dx</P>
    <P Name="ZOrder">1</P>
    <P Name="Labels">[1, 0]</P>
    <P Name="Src">1#out:1</P>
    <P Name="Points">[77, 0]</P>
    <Branch>
      <P Name="ZOrder">553</P>
      <P Name="Points">[0, 75; -3, 0]</P>
      <Branch>
        <P Name="ZOrder">754</P>
        <P Name="Points">[0, 140]</P>
        <P Name="Dst">159#in:2</P>
      </Branch>
      <Branch>
        <P Name="ZOrder">753</P>
        <P Name="Dst">4#in:1</P>
      </Branch>
    </Branch>
    <Branch>
      <P Name="ZOrder">580</P>
      <P Name="Dst">2#in:1</P>
    </Branch>
  </Line>
  <Line>
    <P Name="ZOrder">26</P>
    <P Name="Src">3#out:1</P>
    <P Name="Points">[-164, 0; 0, -95]</P>
    <P Name="Dst">5#in:3</P>
  </Line>
  <Line>
    <P Name="Name">F2</P>
    <P Name="ZOrder">55</P>
    <P Name="Labels">[0, 0]</P>
    <P Name="Src">22#out:1</P>
    <P Name="Points">[37, 0; 0, 20]</P>
    <P Name="Dst">5#in:2</P>
  </Line>
  <Line>
    <P Name="ZOrder">84</P>
    <P Name="Src">31#out:1</P>
    <P Name="Dst">32#in:1</P>
  </Line>
  <Line>
    <P Name="ZOrder">53</P>
    <P Name="Src">12#out:1</P>
    <P Name="Points">[-170, 0; 0, 90]</P>
    <P Name="Dst">21#in:1</P>
  </Line>
  <Line>
    <P Name="ZOrder">75</P>
    <P Name="Src">30#out:1</P>
    <P Name="Dst">12#in:1</P>
  </Line>
  <Line>
    <P Name="ZOrder">20</P>
    <P Name="Src">5#out:1</P>
    <P Name="Points">[5, 0]</P>
    <P Name="Dst">9#in:1</P>
  </Line>
  <Line>
    <P Name="Name">F1</P>
    <P Name="ZOrder">52</P>
    <P Name="Labels">[0, 0]</P>
    <P Name="Src">21#out:1</P>
    <P Name="Points">[74, 0; 0, 55]</P>
    <P Name="Dst">5#in:1</P>
  </Line>
  <Line>
    <P Name="ZOrder">85</P>
    <P Name="Src">32#out:1</P>
    <P Name="Points">[-194, 0; 0, 75]</P>
    <P Name="Dst">22#in:1</P>
  </Line>
  <Line>
    <P Name="ZOrder">62</P>
    <P Name="Src">23#out:1</P>
    <P Name="Points">[0, 45]</P>
    <Branch>
      <P Name="ZOrder">90</P>
      <P Name="Dst">21#in:3</P>
    </Branch>
    <Branch>
      <P Name="ZOrder">89</P>
      <P Name="Points">[0, 50]</P>
      <P Name="Dst">22#in:3</P>
    </Branch>
  </Line>
  <Line>
    <P Name="Name">ddx</P>
    <P Name="ZOrder">30</P>
    <P Name="Labels">[1, 1]</P>
    <P Name="Src">9#out:1</P>
    <P Name="Dst">1#in:1</P>
  </Line>
  <Line>
    <P Name="ZOrder">786</P>
    <P Name="Src">160#out:1</P>
    <P Name="Dst">57#in:1</P>
  </Line>
  <Line>
    <P Name="Name">b</P>
    <P Name="ZOrder">755</P>
    <P Name="Labels">[1, 1]</P>
    <P Name="Src">159#out:1</P>
    <P Name="Points">[-490, 0]</P>
    <P Name="Dst">57#in:2</P>
  </Line>
</System>
