<?xml version="1.0" encoding="UTF-8"?>
<sltp_graph version="1.1" packageUris="http://schema.mathworks.com/mf0/sltp_mm/R2021b_202106150630">
  <sltp.mm.core.Context type="sltp.mm.core.Context" uuid="2adcb95b-a978-4af6-9e77-53f9cb110210">
    <globalData type="sltp.mm.core.GlobalData" uuid="a12dd2f3-465a-4370-be96-29a9e7f8e304">
      <dataName>portOut1</dataName>
      <type>RootOutport</type>
    </globalData>
    <priorityDirection>HighNumberLast</priorityDirection>
    <editorState type="sltp.mm.core.EditorState" uuid="7c09ce62-97fa-4f90-81c8-381fea60607b">
      <isSynchronized>true</isSynchronized>
      <panelState type="sltp.mm.core.EditorPanelState" uuid="7f54a877-a326-429a-b7c5-1bc6e786b189"/>
    </editorState>
    <rootTask type="sltp.mm.core.Task" uuid="6e8ce8d3-e8e3-44ae-b0b9-bdbd742f0ac2">
      <context type="sltp.mm.core.Context" uuid="2adcb95b-a978-4af6-9e77-53f9cb110210"/>
      <explicit>false</explicit>
      <name>Default</name>
      <priority>-2147483648</priority>
      <subgraph type="sltp.mm.core.Graph" uuid="7fdc97f9-ae95-4bf1-9c2a-6eb9912406f1">
        <tasks type="sltp.mm.core.Task" uuid="910e503f-80c9-4a8c-aaad-6af238a0eace">
          <baseTask>true</baseTask>
          <context type="sltp.mm.core.Context" uuid="2adcb95b-a978-4af6-9e77-53f9cb110210"/>
          <explicit>false</explicit>
          <id>1</id>
          <isTimed>true</isTimed>
          <name>Cont</name>
          <priority>40</priority>
          <rates type="sltp.mm.core.Rate" uuid="b0423eb4-432b-42ee-bbdb-b896789f160d">
            <annotation>Cont</annotation>
            <color>255</color>
            <hasBlocks>true</hasBlocks>
            <rateSpec type="sltp.mm.core.RateSpec">
              <period>0.0</period>
            </rateSpec>
            <sti>0</sti>
          </rates>
          <rates type="sltp.mm.core.Rate" uuid="9f30173e-a320-4c84-a02b-8fdcb557bb05">
            <annotation>FiM</annotation>
            <color>-2139062017</color>
            <rateSpec type="sltp.mm.core.RateSpec">
              <offset>1.0</offset>
              <period>0.0</period>
            </rateSpec>
            <sti>1</sti>
          </rates>
          <rates type="sltp.mm.core.Rate" uuid="31b2e610-eaf6-47fc-bb73-f33872a24096">
            <annotation>D1</annotation>
            <color>-436207361</color>
            <hasBlocks>true</hasBlocks>
            <rateSpec type="sltp.mm.core.RateSpec">
              <period>.0001</period>
            </rateSpec>
            <sti>2</sti>
          </rates>
        </tasks>
      </subgraph>
    </rootTask>
  </sltp.mm.core.Context>
</sltp_graph>